grupo_fecju,titulo_fecju,url,canal,titulo_video
ASHIWAZA,Ashi guruma,https://youtu.be/ROeayhvom9U,KODOKAN,足車 / Ashi-guruma
ASHIWAZA,De ashi harai,https://youtu.be/4BUUvqxi_Kk,KODOKAN,出足払 / De-ashi-harai
ASHIWAZA,Hane goshi gaeshi,https://youtu.be/9bZAZSBtnGs,KODOKAN,跳腰返 / Hane-goshi-gaeshi
ASHIWAZA,Harai goshi gaeshi,https://youtu.be/4U3It-7PPsc,KODOKAN,払腰返 / Harai-goshi-gaeshi
ASHIWAZA,Harai tsurikomi ashi,https://youtu.be/gGPXvWL8VbE,KODOKAN,払釣込足 / Harai-tsurikomi-ashi
ASHIWAZA,Hiza guruma,https://youtu.be/JPJx9-oAVns,KODOKAN,膝車 / Hiza-guruma
ASHIWAZA,Ko soto gake,https://youtu.be/8b6kY4s4zH4,KODOKAN,小外掛 / Ko-soto-gake
ASHIWAZA,Ko soto gari,https://youtu.be/jeQ541ScLB4,KODOKAN,小外刈 / Ko-soto-gari
ASHIWAZA,Ko uchi gari,https://youtu.be/3Jb3tZvr9Ng,KODOKAN,小内刈 / Ko-uchi-gari
ASHIWAZA,O guruma,https://youtu.be/SnZciTAY9vc,KODOKAN,大車 / O-guruma
ASHIWAZA,O soto gaeshi,https://youtu.be/8ZjM3X_EANo,KODOKAN,大外返 / O-soto-gaeshi
ASHIWAZA,O soto gari,https://www.youtube.com/watch?v=c-A_nP7mKAc,KODOKAN,大外刈 / O-soto-gari
ASHIWAZA,O soto guruma,https://youtu.be/SnZciTAY9vc,KODOKAN,大車 / O-guruma
ASHIWAZA,O soto otoshi,https://youtu.be/2DsVvDw7b8g,KODOKAN,大外落 / O-soto-otoshi
ASHIWAZA,O uchi gaeshi,https://youtu.be/dCyZTXyjIXE,KODOKAN,大内返 / O-uchi-gaeshi
ASHIWAZA,O uchi gari,https://youtu.be/0itJFhV9pDQ,KODOKAN,大内刈 / O-uchi-gari
ASHIWAZA,Okuri ashi harai,https://youtu.be/nw1ZdRjrdRI,KODOKAN,送足払 / Okuri-ashi-harai
ASHIWAZA,Sasae tsurikomi ashi,http://kodokanjudoinstitute.org/en/waza/list/,,
ASHIWAZA,Tsubame gaeshi,https://youtu.be/GwweWqqFB5g,KODOKAN,燕返 / Tsubame-gaeshi
ASHIWAZA,Uchi mata,https://youtu.be/iUpSu5J-bgw,KODOKAN,内股 / Uchi-mata
ASHIWAZA,Uchi mata gaeshi,https://youtu.be/Sy6sLWxkWYw,KODOKAN,内股返 / Uchi-mata-gaeshi
KANSETSUWAZA,Ashi garami*,https://youtu.be/BWWb0GoAtZw,KODOKAN,足緘 /  Ashi-garami
KANSETSUWAZA,Ude garami,https://youtu.be/AIlTvZb4RlE,KODOKAN,腕緘 /  Ude-garami
KANSETSUWAZA,Ude hishigi ashi gatame,https://youtu.be/ClY7g_pX-4s,KODOKAN,腕挫脚固 /  Ude-hishigi-ashi-gatame
KANSETSUWAZA,Ude hishigi hara gatame,https://youtu.be/ZzEycg8R_9M,KODOKAN,腕挫腹固 /  Ude-hishigi-hara-gatame
KANSETSUWAZA,Ude hishigi hiza gatame,https://youtu.be/H2HtAJdiJcE,KODOKAN,腕挫膝固 /  Ude-hishigi-hiza-gatame
KANSETSUWAZA,Ude hishigi juji gatame,https://youtu.be/OWgSOlCuMXw,KODOKAN,腕挫十字固 /  Ude-hishigi-juji-gatame
KANSETSUWAZA,Ude hishigi sankaku gatame,https://youtu.be/WefAmW4azhk,KODOKAN,腕挫三角固 /  Ude-hishigi-sankaku-gatame
KANSETSUWAZA,Ude hishigi te gatame,https://youtu.be/6DnvhY0tQVM,KODOKAN,腕挫手固 /  Ude-hishigi-te-gatame
KANSETSUWAZA,Ude hishigi ude gatame,https://youtu.be/SBf0aTma1VI,KODOKAN,腕挫腕固 /  Ude-hishigi-ude-gatame
KANSETSUWAZA,Ude hishigi waki gatame,https://youtu.be/8F5p1zuJRG0,KODOKAN,腕挫腋固 /  Ude-hishigi-waki-gatame
KOSHIWAZA,Hane Goshi,https://youtu.be/M9_7De6A1kk,KODOKAN,跳腰 / Hane-goshi
KOSHIWAZA,Harai Goshi,https://youtu.be/qTo8HlAAkOo,KODOKAN,払腰 / Harai-goshi
KOSHIWAZA,Koshi Guruma,https://youtu.be/SU7Id6uVJ44,KODOKAN,腰車 / Koshi-guruma
KOSHIWAZA,O Goshi,https://youtu.be/yhu1mfy2vJ4,KODOKAN,大腰 / O-goshi
KOSHIWAZA,Sode Tsurikomi Goshi,https://youtu.be/QsmAxpmYLOI,KODOKAN,袖釣込腰 / Sode-tsurikomi-goshi
KOSHIWAZA,Tsuri Goshi,https://youtu.be/51Htlp7xEvE,KODOKAN,釣腰 / Tsuri-goshi
KOSHIWAZA,Tsurikomi Goshi,https://youtu.be/McfzA0yRVt4,KODOKAN,釣込腰 / Tsurikomi-goshi
KOSHIWAZA,Uki Goshi,https://youtu.be/bPKwtB4lyOQ,KODOKAN,浮腰 / Uki-goshi
KOSHIWAZA,Ushiro Goshi,https://youtu.be/ORIYstuxYT8,KODOKAN,後腰 / Ushiro-goshi
KOSHIWAZA,Utsuri Goshi,https://youtu.be/4pQd_bEnlf0,KODOKAN,移腰 / Utsuri-goshi
MASUTEMIWAZA,Hikikomi gaeshi,https://www.youtube.com/watch?v=92zUYWBp5N8,KODOKAN,引込返 / Hikikomi-gaeshi
MASUTEMIWAZA,Sumi gaeshi,https://www.youtube.com/watch?v=5VhduA5xkbA,KODOKAN,隅返 / Sumi-gaeshi
MASUTEMIWAZA,Tawara gaeshi,https://www.youtube.com/watch?v=TmTWgrmViZc,KODOKAN,俵返 / Tawara-gaeshi
MASUTEMIWAZA,Tomoe-nage,https://www.youtube.com/watch?v=880WbHvHv6A,KODOKAN,巴投 / Tomoe-nage
MASUTEMIWAZA,Ura nage,https://www.youtube.com/watch?v=Fgi9b8DJ5sQ,KODOKAN,裏投 / Ura-nage
OSAEKOMIWAZA,Kami shiho gatame,https://youtu.be/HFuMjOv0WN8,KODOKAN,上四方固 /  Kami-shiho-gatame
OSAEKOMIWAZA,Kata gatame,https://youtu.be/zQR3IOXxO_Q,KODOKAN,肩固 /  Kata-gatame
OSAEKOMIWAZA,Kesa gatame,https://youtu.be/NDaQuJOFBYk,KODOKAN,袈裟固 /  Kesa-gatame
OSAEKOMIWAZA,Kuzure kami shiho gatame,https://youtu.be/YUrogQWdwiY,KODOKAN,崩上四方固 /  Kuzure-kami-shiho-gatame
OSAEKOMIWAZA,Kuzure kesa gatame,https://youtu.be/Q2fb9jaoUFQ,KODOKAN,崩袈裟固 /  Kuzure-kesa-gatame
OSAEKOMIWAZA,Tate shiho gatame,https://youtu.be/55-rFmBx53g,KODOKAN,縦四方固 /  Tate-shiho-gatame
OSAEKOMIWAZA,Uki gatame,https://youtu.be/e_lAjik1SUM,KODOKAN,浮固 /  Uki-gatame
OSAEKOMIWAZA,Ura gatame,https://youtu.be/eeAHZB0v3XY,KODOKAN,裏固 /  Ura-gatame
OSAEKOMIWAZA,Ushiro kesa gatame,https://youtu.be/SBapox2M2dE,KODOKAN,後袈裟固 /  Ushiro-kesa-gatame
OSAEKOMIWAZA,Yoko shiho gatame,https://youtu.be/TT7XJVSEQxA,KODOKAN,横四方固 /  Yoko-shiho-gatame
SHIMEWAZA,Do jime*,https://youtu.be/D_0fFcoIbvY,KODOKAN,胴絞 /  Do-jime
SHIMEWAZA,Gyaku juji jime,https://youtu.be/t3tQriIPdlI,KODOKAN,逆十字絞 /  Gyaku-juji-jime
SHIMEWAZA,Hadaka-jime,https://youtu.be/9f0n8jez7iA,KODOKAN,裸絞 /  Hadaka-jime
SHIMEWAZA,Kata juji jime,https://youtu.be/3VZVUAmiMD8,KODOKAN,片十字絞 /  Kata-juji-jime
SHIMEWAZA,Kataha jime,https://youtu.be/yaTGgRjnwB8,KODOKAN,片羽絞 /  Kataha-jime
SHIMEWAZA,Katate jime,https://youtu.be/cHeIs-fSqwE,KODOKAN,片手絞 /  Katate-jime
SHIMEWAZA,Nami juji jime,https://youtu.be/k2cHry9HByQ,KODOKAN,並十字絞 /  Nami-juji-jime
SHIMEWAZA,Okuri eri jime,https://youtu.be/EiqyoVcIAi8,KODOKAN,送襟絞 /  Okuri-eri-jime
SHIMEWAZA,Ryote jime,https://youtu.be/-RHC4V7TQiY,KODOKAN,両手絞 /  Ryote-jime
SHIMEWAZA,Sankaku jime,https://youtu.be/lq1CUBRAm7s,KODOKAN,三角絞 /  Sankaku-jime
SHIMEWAZA,Sode guruma jime,https://youtu.be/E3nvQzClcAU,KODOKAN,袖車絞 /  Sode-guruma-jime
SHIMEWAZA,Tsukkomi jime,https://youtu.be/dKKpnD3eLcY,KODOKAN,突込絞 /  Tsukkomi-jime
TEWAZA,Ippon Seoi Nage,https://youtu.be/FQnOlCxo4oI,KODOKAN,一本背負投 / Ippon-seoi-nage
TEWAZA,Kata Guruma,https://youtu.be/cnHRhSy8yi4,KODOKAN,肩車 / Kata-guruma
TEWAZA,Kibisu Gaeshi,https://youtu.be/tJylJYfBliA,KODOKAN,踵返 / Kibisu-gaeshi
TEWAZA,Ko Uchi Gaeshi,https://youtu.be/_MWAdYi_LC4,KODOKAN,小内返 / Ko-uchi-gaeshi
TEWAZA,Kuchiki Taoshi,https://youtu.be/ZNL47q1aJNY,KODOKAN,朽木倒 / Kuchiki-taoshi
TEWAZA,Morote Gari,https://youtu.be/BHLQS4K85bs,KODOKAN,双手刈 / Morote-gari
TEWAZA,Obi Otoshi,https://youtu.be/ff8U2TVZIYI,KODOKAN,帯落 / Obi-otoshi
TEWAZA,Obi Tori Gaeshi,https://youtu.be/bpc82SrunUU,KODOKAN,帯取返 / Obi-tori-gaeshi
TEWAZA,Seoi Nage,https://youtu.be/zIq0xI0ogxk,KODOKAN,背負投 / Seoi-nage
TEWAZA,Seoi Otoshi,https://youtu.be/vu1TMVNnq34,KODOKAN,背負落 / Seoi-otoshi
TEWAZA,Sukui Nage,https://youtu.be/vU6aJ2kFxoI,KODOKAN,掬投 / Sukui-nage
TEWAZA,Sumi Otoshi,https://youtu.be/lLU9wv52ni0,KODOKAN,隅落 / Sumi-otoshi
TEWAZA,Tai Otoshi,https://youtu.be/4x6S3Q-Ktv8,KODOKAN,体落 / Tai-otoshi
TEWAZA,Uchi Mata Sukashi,https://youtu.be/V-RS3uhtVWM,KODOKAN,内股すかし / Uchi-mata-sukashi
TEWAZA,Uki Otoshi,https://youtu.be/6H5tmncOY4Q,KODOKAN,浮落 / Uki-otoshi
TEWAZA,Yama Arashi,https://youtu.be/MGlyKmSuzdc,KODOKAN,山嵐 / Yama-arashi
YOKOSUTEMIWAZA,Daki wakare,https://youtu.be/Hr0cOMGBDYo,KODOKAN,抱分 / Daki-wakare
YOKOSUTEMIWAZA,Hane makikomi,https://youtu.be/6CRBGLGz9j8,KODOKAN,跳巻込 / Hane-makikomi
YOKOSUTEMIWAZA,Harai makikomi,https://youtu.be/VBaHzKaCXss,KODOKAN,払巻込 /  Harai-makikomi
YOKOSUTEMIWAZA,Kani basami*,https://youtu.be/OR-HGHnarYc,KODOKAN,蟹挟 /  Kani-basami
YOKOSUTEMIWAZA,Kawazu-gake*,https://youtu.be/w6G57bWACi0,KODOKAN,河津掛 /  Kawazu-gake
YOKOSUTEMIWAZA,Ko uchi makikomi,https://youtu.be/_1eygIXLD_w,KODOKAN,小内巻込 /  Ko-uchi-makikomi
YOKOSUTEMIWAZA,O soto makikomi,https://youtu.be/DGDv2oMwmas,KODOKAN,大外巻込 / O-soto-makikomi
YOKOSUTEMIWAZA,Soto makikomi,https://youtu.be/bWG9O1BVKtQ,KODOKAN,外巻込 / Soto-makikomi
YOKOSUTEMIWAZA,Tani otoshi,https://youtu.be/3b9Me3Fohpk,KODOKAN,谷落 / Tani-otoshi
YOKOSUTEMIWAZA,Uchi makikomi,https://youtu.be/5BowcjduxVc,KODOKAN,内巻込 / Uchi-makikomi
YOKOSUTEMIWAZA,Uchi mata makikomi,https://youtu.be/jZXENTLpJCI,KODOKAN,内股巻込 / Uchi-mata-makikomi
YOKOSUTEMIWAZA,Uki waza,https://youtu.be/weVOpJ63gII,KODOKAN,浮技 / Uki-waza
YOKOSUTEMIWAZA,Yoko gake,https://youtu.be/tP1Sj1uDfSo,KODOKAN,横掛 / Yoko-gake
YOKOSUTEMIWAZA,Yoko guruma,https://youtu.be/MehP6I5cY2c,KODOKAN,横車 / Yoko-guruma
YOKOSUTEMIWAZA,Yoko otoshi,https://youtu.be/MnNG67pF_a0,KODOKAN,横落 / Yoko-otoshi
YOKOSUTEMIWAZA,Yoko wakare,https://youtu.be/bp1tscHlePI,KODOKAN,横分 / Yoko-wakare
